country_code,country_name,country_flag_link
020,安道爾,https://upload.wikimedia.org/wikipedia/commons/thumb/1/19/Flag_of_Andorra.svg/300px-Flag_of_Andorra.svg.png
784,阿聯,https://upload.wikimedia.org/wikipedia/commons/thumb/c/cb/Flag_of_the_United_Arab_Emirates.svg/300px-Flag_of_the_United_Arab_Emirates.svg.png
004,阿富汗,https://upload.wikimedia.org/wikipedia/commons/thumb/9/9a/Flag_of_Afghanistan.svg/300px-Flag_of_Afghanistan.svg.png
028,安地卡及巴布達,https://upload.wikimedia.org/wikipedia/commons/thumb/8/89/Flag_of_Antigua_and_Barbuda.svg/300px-Flag_of_Antigua_and_Barbuda.svg.png
660,安圭拉,https://upload.wikimedia.org/wikipedia/commons/thumb/b/b4/Flag_of_Anguilla.svg/300px-Flag_of_Anguilla.svg.png
008,阿爾巴尼亞,https://upload.wikimedia.org/wikipedia/commons/thumb/3/36/Flag_of_Albania.svg/300px-Flag_of_Albania.svg.png
051,亞美尼亞,https://upload.wikimedia.org/wikipedia/commons/thumb/2/2f/Flag_of_Armenia.svg/300px-Flag_of_Armenia.svg.png
024,安哥拉,https://upload.wikimedia.org/wikipedia/commons/thumb/9/9d/Flag_of_Angola.svg/300px-Flag_of_Angola.svg.png
010,南極洲,https://upload.wikimedia.org/wikipedia/commons/thumb/f/fa/Flag_of_Antarctica.svg/300px-Flag_of_Antarctica.svg.png
032,阿根廷,https://upload.wikimedia.org/wikipedia/commons/thumb/1/1a/Flag_of_Argentina.svg/300px-Flag_of_Argentina.svg.png
016,美屬薩摩亞,https://upload.wikimedia.org/wikipedia/commons/thumb/8/87/Flag_of_American_Samoa.svg/300px-Flag_of_American_Samoa.svg.png
040,奧地利,https://upload.wikimedia.org/wikipedia/commons/thumb/4/41/Flag_of_Austria.svg/300px-Flag_of_Austria.svg.png
036,澳大利亞,https://upload.wikimedia.org/wikipedia/commons/thumb/b/b9/Flag_of_Australia.svg/300px-Flag_of_Australia.svg.png
533,阿魯巴,https://upload.wikimedia.org/wikipedia/commons/thumb/f/f6/Flag_of_Aruba.svg/300px-Flag_of_Aruba.svg.png
248,奧蘭,https://upload.wikimedia.org/wikipedia/commons/thumb/5/52/Flag_of_%C3%85land.svg/300px-Flag_of_%C3%85land.svg.png
031,亞塞拜然,https://upload.wikimedia.org/wikipedia/commons/thumb/d/dd/Flag_of_Azerbaijan.svg/300px-Flag_of_Azerbaijan.svg.png
070,波士尼亞與赫塞哥維納,https://upload.wikimedia.org/wikipedia/commons/thumb/b/bf/Flag_of_Bosnia_and_Herzegovina.svg/300px-Flag_of_Bosnia_and_Herzegovina.svg.png
052,巴貝多,https://upload.wikimedia.org/wikipedia/commons/thumb/e/ef/Flag_of_Barbados.svg/300px-Flag_of_Barbados.svg.png
050,孟加拉國,https://upload.wikimedia.org/wikipedia/commons/thumb/f/f9/Flag_of_Bangladesh.svg/300px-Flag_of_Bangladesh.svg.png
056,比利時,https://upload.wikimedia.org/wikipedia/commons/thumb/9/92/Flag_of_Belgium_%28civil%29.svg/300px-Flag_of_Belgium_%28civil%29.svg.png
854,布吉納法索,https://upload.wikimedia.org/wikipedia/commons/thumb/3/31/Flag_of_Burkina_Faso.svg/300px-Flag_of_Burkina_Faso.svg.png
100,保加利亞,https://upload.wikimedia.org/wikipedia/commons/thumb/9/9a/Flag_of_Bulgaria.svg/300px-Flag_of_Bulgaria.svg.png
048,巴林,https://upload.wikimedia.org/wikipedia/commons/thumb/2/2c/Flag_of_Bahrain.svg/300px-Flag_of_Bahrain.svg.png
108,蒲隆地,https://upload.wikimedia.org/wikipedia/commons/thumb/5/50/Flag_of_Burundi.svg/300px-Flag_of_Burundi.svg.png
204,貝南,https://upload.wikimedia.org/wikipedia/commons/thumb/0/0a/Flag_of_Benin.svg/300px-Flag_of_Benin.svg.png
652,聖巴泰勒米,https://upload.wikimedia.org/wikipedia/commons/thumb/c/c3/Flag_of_France.svg/300px-Flag_of_France.svg.png
060,百慕達,https://upload.wikimedia.org/wikipedia/commons/thumb/b/bf/Flag_of_Bermuda.svg/300px-Flag_of_Bermuda.svg.png
096,汶萊,https://upload.wikimedia.org/wikipedia/commons/thumb/9/9c/Flag_of_Brunei.svg/300px-Flag_of_Brunei.svg.png
068,玻利維亞,https://upload.wikimedia.org/wikipedia/commons/thumb/4/48/Flag_of_Bolivia.svg/300px-Flag_of_Bolivia.svg.png
535,加勒比荷蘭,https://upload.wikimedia.org/wikipedia/commons/thumb/2/20/Flag_of_the_Netherlands.svg/300px-Flag_of_the_Netherlands.svg.png
076,巴西,https://upload.wikimedia.org/wikipedia/commons/thumb/0/05/Flag_of_Brazil.svg/300px-Flag_of_Brazil.svg.png
044,巴哈馬,https://upload.wikimedia.org/wikipedia/commons/thumb/9/93/Flag_of_the_Bahamas.svg/300px-Flag_of_the_Bahamas.svg.png
064,不丹,https://upload.wikimedia.org/wikipedia/commons/thumb/9/91/Flag_of_Bhutan.svg/300px-Flag_of_Bhutan.svg.png
074,布韋島,https://upload.wikimedia.org/wikipedia/commons/thumb/d/d9/Flag_of_Norway.svg/300px-Flag_of_Norway.svg.png
072,波札那,https://upload.wikimedia.org/wikipedia/commons/thumb/f/fa/Flag_of_Botswana.svg/300px-Flag_of_Botswana.svg.png
112,白俄羅斯,https://upload.wikimedia.org/wikipedia/commons/thumb/8/85/Flag_of_Belarus.svg/300px-Flag_of_Belarus.svg.png
084,貝里斯,https://upload.wikimedia.org/wikipedia/commons/thumb/e/e7/Flag_of_Belize.svg/300px-Flag_of_Belize.svg.png
124,加拿大,https://upload.wikimedia.org/wikipedia/commons/thumb/c/cf/Flag_of_Canada.svg/300px-Flag_of_Canada.svg.png
166,科科斯（基林）群島,https://upload.wikimedia.org/wikipedia/commons/thumb/7/74/Flag_of_the_Cocos_%28Keeling%29_Islands.svg/300px-Flag_of_the_Cocos_%28Keeling%29_Islands.svg.png
180,剛果民主共和國,https://upload.wikimedia.org/wikipedia/commons/thumb/6/6f/Flag_of_the_Democratic_Republic_of_the_Congo.svg/300px-Flag_of_the_Democratic_Republic_of_the_Congo.svg.png
140,中非,https://upload.wikimedia.org/wikipedia/commons/thumb/6/6f/Flag_of_the_Central_African_Republic.svg/300px-Flag_of_the_Central_African_Republic.svg.png
178,剛果共和國,https://upload.wikimedia.org/wikipedia/commons/thumb/9/92/Flag_of_the_Republic_of_the_Congo.svg/300px-Flag_of_the_Republic_of_the_Congo.svg.png
756,瑞士,https://upload.wikimedia.org/wikipedia/commons/thumb/f/f3/Flag_of_Switzerland.svg/16px-Flag_of_Switzerland.svg.png
384,象牙海岸,https://upload.wikimedia.org/wikipedia/commons/thumb/f/fe/Flag_of_C%C3%B4te_d%27Ivoire.svg/300px-Flag_of_C%C3%B4te_d%27Ivoire.svg.png
184,庫克群島,https://upload.wikimedia.org/wikipedia/commons/thumb/3/35/Flag_of_the_Cook_Islands.svg/300px-Flag_of_the_Cook_Islands.svg.png
152,智利,https://upload.wikimedia.org/wikipedia/commons/thumb/7/78/Flag_of_Chile.svg/300px-Flag_of_Chile.svg.png
120,喀麥隆,https://upload.wikimedia.org/wikipedia/commons/thumb/4/4f/Flag_of_Cameroon.svg/300px-Flag_of_Cameroon.svg.png
156,中國,https://upload.wikimedia.org/wikipedia/commons/thumb/f/fa/Flag_of_the_People%27s_Republic_of_China.svg/300px-Flag_of_the_People%27s_Republic_of_China.svg.png
170,哥倫比亞,https://upload.wikimedia.org/wikipedia/commons/thumb/2/21/Flag_of_Colombia.svg/300px-Flag_of_Colombia.svg.png
188,哥斯大黎加,https://upload.wikimedia.org/wikipedia/commons/thumb/f/f2/Flag_of_Costa_Rica.svg/300px-Flag_of_Costa_Rica.svg.png
192,古巴,https://upload.wikimedia.org/wikipedia/commons/thumb/b/bd/Flag_of_Cuba.svg/300px-Flag_of_Cuba.svg.png
132,維德角,https://upload.wikimedia.org/wikipedia/commons/thumb/3/38/Flag_of_Cape_Verde.svg/300px-Flag_of_Cape_Verde.svg.png
531,庫拉索,https://upload.wikimedia.org/wikipedia/commons/thumb/b/b1/Flag_of_Cura%C3%A7ao.svg/300px-Flag_of_Cura%C3%A7ao.svg.png
162,聖誕島,https://upload.wikimedia.org/wikipedia/commons/thumb/6/67/Flag_of_Christmas_Island.svg/300px-Flag_of_Christmas_Island.svg.png
196,賽普勒斯,https://upload.wikimedia.org/wikipedia/commons/thumb/d/d4/Flag_of_Cyprus.svg/300px-Flag_of_Cyprus.svg.png
203,捷克,https://upload.wikimedia.org/wikipedia/commons/thumb/c/cb/Flag_of_the_Czech_Republic.svg/300px-Flag_of_the_Czech_Republic.svg.png
276,德國,https://upload.wikimedia.org/wikipedia/commons/thumb/b/ba/Flag_of_Germany.svg/300px-Flag_of_Germany.svg.png
262,吉布地,https://upload.wikimedia.org/wikipedia/commons/thumb/3/34/Flag_of_Djibouti.svg/300px-Flag_of_Djibouti.svg.png
208,丹麥,https://upload.wikimedia.org/wikipedia/commons/thumb/9/9c/Flag_of_Denmark.svg/300px-Flag_of_Denmark.svg.png
212,多米尼克,https://upload.wikimedia.org/wikipedia/commons/thumb/c/c4/Flag_of_Dominica.svg/300px-Flag_of_Dominica.svg.png
214,多明尼加,https://upload.wikimedia.org/wikipedia/commons/thumb/9/9f/Flag_of_the_Dominican_Republic.svg/300px-Flag_of_the_Dominican_Republic.svg.png
012,阿爾及利亞,https://upload.wikimedia.org/wikipedia/commons/thumb/7/77/Flag_of_Algeria.svg/300px-Flag_of_Algeria.svg.png
218,厄瓜多,https://upload.wikimedia.org/wikipedia/commons/thumb/e/e8/Flag_of_Ecuador.svg/300px-Flag_of_Ecuador.svg.png
233,愛沙尼亞,https://upload.wikimedia.org/wikipedia/commons/thumb/8/8f/Flag_of_Estonia.svg/300px-Flag_of_Estonia.svg.png
818,埃及,https://upload.wikimedia.org/wikipedia/commons/thumb/f/fe/Flag_of_Egypt.svg/300px-Flag_of_Egypt.svg.png
732,撒拉威阿拉伯民主共和國,https://upload.wikimedia.org/wikipedia/commons/thumb/2/26/Flag_of_the_Sahrawi_Arab_Democratic_Republic.svg/300px-Flag_of_the_Sahrawi_Arab_Democratic_Republic.svg.png
232,厄利垂亞,https://upload.wikimedia.org/wikipedia/commons/thumb/2/29/Flag_of_Eritrea.svg/300px-Flag_of_Eritrea.svg.png
724,西班牙,https://upload.wikimedia.org/wikipedia/commons/thumb/9/9a/Flag_of_Spain.svg/300px-Flag_of_Spain.svg.png
231,衣索比亞,https://upload.wikimedia.org/wikipedia/commons/thumb/7/71/Flag_of_Ethiopia.svg/300px-Flag_of_Ethiopia.svg.png
246,芬蘭,https://upload.wikimedia.org/wikipedia/commons/thumb/b/bc/Flag_of_Finland.svg/300px-Flag_of_Finland.svg.png
242,斐濟,https://upload.wikimedia.org/wikipedia/commons/thumb/b/ba/Flag_of_Fiji.svg/300px-Flag_of_Fiji.svg.png
238,福克蘭群島,https://upload.wikimedia.org/wikipedia/commons/thumb/8/83/Flag_of_the_Falkland_Islands.svg/300px-Flag_of_the_Falkland_Islands.svg.png
583,密克羅尼西亞聯邦,https://upload.wikimedia.org/wikipedia/commons/thumb/e/e4/Flag_of_the_Federated_States_of_Micronesia.svg/300px-Flag_of_the_Federated_States_of_Micronesia.svg.png
234,法羅群島,https://upload.wikimedia.org/wikipedia/commons/thumb/3/3c/Flag_of_the_Faroe_Islands.svg/300px-Flag_of_the_Faroe_Islands.svg.png
250,法國,https://upload.wikimedia.org/wikipedia/commons/thumb/c/c3/Flag_of_France.svg/300px-Flag_of_France.svg.png
266,加彭,https://upload.wikimedia.org/wikipedia/commons/thumb/0/04/Flag_of_Gabon.svg/300px-Flag_of_Gabon.svg.png
826,英國,https://upload.wikimedia.org/wikipedia/commons/thumb/a/ae/Flag_of_the_United_Kingdom.svg/300px-Flag_of_the_United_Kingdom.svg.png
308,格瑞那達,https://upload.wikimedia.org/wikipedia/commons/thumb/b/bc/Flag_of_Grenada.svg/300px-Flag_of_Grenada.svg.png
268,喬治亞,https://upload.wikimedia.org/wikipedia/commons/thumb/0/0f/Flag_of_Georgia.svg/300px-Flag_of_Georgia.svg.png
254,法屬圭亞那,https://upload.wikimedia.org/wikipedia/commons/thumb/c/c3/Flag_of_France.svg/300px-Flag_of_France.svg.png
831,根西,https://upload.wikimedia.org/wikipedia/commons/thumb/f/fa/Flag_of_Guernsey.svg/300px-Flag_of_Guernsey.svg.png
288,加納,https://upload.wikimedia.org/wikipedia/commons/thumb/1/19/Flag_of_Ghana.svg/300px-Flag_of_Ghana.svg.png
292,直布羅陀,https://upload.wikimedia.org/wikipedia/commons/thumb/0/02/Flag_of_Gibraltar.svg/300px-Flag_of_Gibraltar.svg.png
304,格陵蘭,https://upload.wikimedia.org/wikipedia/commons/thumb/0/09/Flag_of_Greenland.svg/300px-Flag_of_Greenland.svg.png
270,甘比亞,https://upload.wikimedia.org/wikipedia/commons/thumb/7/77/Flag_of_The_Gambia.svg/300px-Flag_of_The_Gambia.svg.png
324,幾內亞,https://upload.wikimedia.org/wikipedia/commons/thumb/e/ed/Flag_of_Guinea.svg/300px-Flag_of_Guinea.svg.png
312,瓜德羅普,https://upload.wikimedia.org/wikipedia/commons/thumb/c/c3/Flag_of_France.svg/300px-Flag_of_France.svg.png
226,赤道幾內亞,https://upload.wikimedia.org/wikipedia/commons/thumb/3/31/Flag_of_Equatorial_Guinea.svg/300px-Flag_of_Equatorial_Guinea.svg.png
300,希臘,https://upload.wikimedia.org/wikipedia/commons/thumb/5/5c/Flag_of_Greece.svg/300px-Flag_of_Greece.svg.png
239,南喬治亞和南桑威奇群島,https://upload.wikimedia.org/wikipedia/commons/thumb/e/ed/Flag_of_South_Georgia_and_the_South_Sandwich_Islands.svg/300px-Flag_of_South_Georgia_and_the_South_Sandwich_Islands.svg.png
320,瓜地馬拉,https://upload.wikimedia.org/wikipedia/commons/thumb/e/ec/Flag_of_Guatemala.svg/300px-Flag_of_Guatemala.svg.png
316,關島,https://upload.wikimedia.org/wikipedia/commons/thumb/0/07/Flag_of_Guam.svg/300px-Flag_of_Guam.svg.png
624,幾內亞比索,https://upload.wikimedia.org/wikipedia/commons/thumb/0/01/Flag_of_Guinea-Bissau.svg/300px-Flag_of_Guinea-Bissau.svg.png
328,蓋亞那,https://upload.wikimedia.org/wikipedia/commons/thumb/9/99/Flag_of_Guyana.svg/300px-Flag_of_Guyana.svg.png
344,香港,https://upload.wikimedia.org/wikipedia/commons/thumb/5/5b/Flag_of_Hong_Kong.svg/300px-Flag_of_Hong_Kong.svg.png
334,赫德島和麥克唐納群島,https://upload.wikimedia.org/wikipedia/commons/thumb/b/b9/Flag_of_Australia.svg/300px-Flag_of_Australia.svg.png
340,宏都拉斯,https://upload.wikimedia.org/wikipedia/commons/thumb/8/82/Flag_of_Honduras.svg/300px-Flag_of_Honduras.svg.png
191,克羅埃西亞,https://upload.wikimedia.org/wikipedia/commons/thumb/1/1b/Flag_of_Croatia.svg/300px-Flag_of_Croatia.svg.png
332,海地,https://upload.wikimedia.org/wikipedia/commons/thumb/5/56/Flag_of_Haiti.svg/300px-Flag_of_Haiti.svg.png
348,匈牙利,https://upload.wikimedia.org/wikipedia/commons/thumb/c/c1/Flag_of_Hungary.svg/300px-Flag_of_Hungary.svg.png
360,印尼,https://upload.wikimedia.org/wikipedia/commons/thumb/9/9f/Flag_of_Indonesia.svg/300px-Flag_of_Indonesia.svg.png
372,愛爾蘭,https://upload.wikimedia.org/wikipedia/commons/thumb/4/45/Flag_of_Ireland.svg/300px-Flag_of_Ireland.svg.png
376,以色列,https://upload.wikimedia.org/wikipedia/commons/thumb/d/d4/Flag_of_Israel.svg/300px-Flag_of_Israel.svg.png
833,曼島,https://upload.wikimedia.org/wikipedia/commons/thumb/5/5d/Flag_of_the_Isle_of_Mann.svg/300px-Flag_of_the_Isle_of_Mann.svg.png
356,印度,https://upload.wikimedia.org/wikipedia/commons/thumb/4/41/Flag_of_India.svg/300px-Flag_of_India.svg.png
086,英屬印度洋領地,https://upload.wikimedia.org/wikipedia/commons/thumb/6/6e/Flag_of_the_British_Indian_Ocean_Territory.svg/300px-Flag_of_the_British_Indian_Ocean_Territory.svg.png
368,伊拉克,https://upload.wikimedia.org/wikipedia/commons/thumb/f/f6/Flag_of_Iraq.svg/300px-Flag_of_Iraq.svg.png
364,伊朗,https://upload.wikimedia.org/wikipedia/commons/thumb/c/ca/Flag_of_Iran.svg/300px-Flag_of_Iran.svg.png
352,冰島,https://upload.wikimedia.org/wikipedia/commons/thumb/c/ce/Flag_of_Iceland.svg/300px-Flag_of_Iceland.svg.png
380,義大利,https://upload.wikimedia.org/wikipedia/commons/thumb/0/03/Flag_of_Italy.svg/300px-Flag_of_Italy.svg.png
832,澤西,https://upload.wikimedia.org/wikipedia/commons/thumb/1/1c/Flag_of_Jersey.svg/300px-Flag_of_Jersey.svg.png
388,牙買加,https://upload.wikimedia.org/wikipedia/commons/thumb/0/0a/Flag_of_Jamaica.svg/300px-Flag_of_Jamaica.svg.png
400,約旦,https://upload.wikimedia.org/wikipedia/commons/thumb/c/c0/Flag_of_Jordan.svg/300px-Flag_of_Jordan.svg.png
392,日本,https://upload.wikimedia.org/wikipedia/commons/thumb/9/9e/Flag_of_Japan.svg/300px-Flag_of_Japan.svg.png
404,肯亞,https://upload.wikimedia.org/wikipedia/commons/thumb/4/49/Flag_of_Kenya.svg/300px-Flag_of_Kenya.svg.png
417,吉爾吉斯,https://upload.wikimedia.org/wikipedia/commons/thumb/c/c7/Flag_of_Kyrgyzstan.svg/300px-Flag_of_Kyrgyzstan.svg.png
116,柬埔寨,https://upload.wikimedia.org/wikipedia/commons/thumb/8/83/Flag_of_Cambodia.svg/300px-Flag_of_Cambodia.svg.png
296,吉里巴斯,https://upload.wikimedia.org/wikipedia/commons/thumb/d/d3/Flag_of_Kiribati.svg/300px-Flag_of_Kiribati.svg.png
174,葛摩,https://upload.wikimedia.org/wikipedia/commons/thumb/9/94/Flag_of_the_Comoros.svg/300px-Flag_of_the_Comoros.svg.png
659,聖克里斯多福及尼維斯,https://upload.wikimedia.org/wikipedia/commons/thumb/f/fe/Flag_of_Saint_Kitts_and_Nevis.svg/300px-Flag_of_Saint_Kitts_and_Nevis.svg.png
408,北韓,https://upload.wikimedia.org/wikipedia/commons/thumb/5/51/Flag_of_North_Korea.svg/300px-Flag_of_North_Korea.svg.png
410,韓國,https://upload.wikimedia.org/wikipedia/commons/thumb/0/09/Flag_of_South_Korea.svg/300px-Flag_of_South_Korea.svg.png
414,科威特,https://upload.wikimedia.org/wikipedia/commons/thumb/a/aa/Flag_of_Kuwait.svg/300px-Flag_of_Kuwait.svg.png
136,開曼群島,https://upload.wikimedia.org/wikipedia/commons/thumb/0/0f/Flag_of_the_Cayman_Islands.svg/300px-Flag_of_the_Cayman_Islands.svg.png
398,哈薩克,https://upload.wikimedia.org/wikipedia/commons/thumb/d/d3/Flag_of_Kazakhstan.svg/300px-Flag_of_Kazakhstan.svg.png
418,寮國,https://upload.wikimedia.org/wikipedia/commons/thumb/5/56/Flag_of_Laos.svg/300px-Flag_of_Laos.svg.png
422,黎巴嫩,https://upload.wikimedia.org/wikipedia/commons/thumb/5/59/Flag_of_Lebanon.svg/300px-Flag_of_Lebanon.svg.png
662,聖露西亞,https://upload.wikimedia.org/wikipedia/commons/thumb/9/9f/Flag_of_Saint_Lucia.svg/300px-Flag_of_Saint_Lucia.svg.png
438,列支敦斯登,https://upload.wikimedia.org/wikipedia/commons/thumb/4/47/Flag_of_Liechtenstein.svg/300px-Flag_of_Liechtenstein.svg.png
144,斯里蘭卡,https://upload.wikimedia.org/wikipedia/commons/thumb/1/11/Flag_of_Sri_Lanka.svg/300px-Flag_of_Sri_Lanka.svg.png
430,賴比瑞亞,https://upload.wikimedia.org/wikipedia/commons/thumb/b/b8/Flag_of_Liberia.svg/300px-Flag_of_Liberia.svg.png
426,賴索托,https://upload.wikimedia.org/wikipedia/commons/thumb/4/4a/Flag_of_Lesotho.svg/300px-Flag_of_Lesotho.svg.png
440,立陶宛,https://upload.wikimedia.org/wikipedia/commons/thumb/1/11/Flag_of_Lithuania.svg/300px-Flag_of_Lithuania.svg.png
442,盧森堡,https://upload.wikimedia.org/wikipedia/commons/thumb/d/da/Flag_of_Luxembourg.svg/300px-Flag_of_Luxembourg.svg.png
428,拉脫維亞,https://upload.wikimedia.org/wikipedia/commons/thumb/8/84/Flag_of_Latvia.svg/300px-Flag_of_Latvia.svg.png
434,利比亞,https://upload.wikimedia.org/wikipedia/commons/thumb/0/05/Flag_of_Libya.svg/300px-Flag_of_Libya.svg.png
504,摩洛哥,https://upload.wikimedia.org/wikipedia/commons/thumb/2/2c/Flag_of_Morocco.svg/300px-Flag_of_Morocco.svg.png
492,摩納哥,https://upload.wikimedia.org/wikipedia/commons/thumb/e/ea/Flag_of_Monaco.svg/300px-Flag_of_Monaco.svg.png
498,摩爾多瓦,https://upload.wikimedia.org/wikipedia/commons/thumb/2/27/Flag_of_Moldova.svg/300px-Flag_of_Moldova.svg.png
499,蒙特內哥羅,https://upload.wikimedia.org/wikipedia/commons/thumb/6/64/Flag_of_Montenegro.svg/300px-Flag_of_Montenegro.svg.png
663,法屬聖馬丁,https://upload.wikimedia.org/wikipedia/commons/thumb/c/c3/Flag_of_France.svg/300px-Flag_of_France.svg.png
450,馬達加斯加,https://upload.wikimedia.org/wikipedia/commons/thumb/b/bc/Flag_of_Madagascar.svg/300px-Flag_of_Madagascar.svg.png
584,馬紹爾群島,https://upload.wikimedia.org/wikipedia/commons/thumb/2/2e/Flag_of_the_Marshall_Islands.svg/300px-Flag_of_the_Marshall_Islands.svg.png
807,馬其頓,https://upload.wikimedia.org/wikipedia/commons/thumb/f/f8/Flag_of_Macedonia.svg/300px-Flag_of_Macedonia.svg.png
466,馬利,https://upload.wikimedia.org/wikipedia/commons/thumb/9/92/Flag_of_Mali.svg/300px-Flag_of_Mali.svg.png
104,緬甸,https://upload.wikimedia.org/wikipedia/commons/thumb/8/8c/Flag_of_Myanmar.svg/300px-Flag_of_Myanmar.svg.png
496,蒙古,https://upload.wikimedia.org/wikipedia/commons/thumb/4/4c/Flag_of_Mongolia.svg/300px-Flag_of_Mongolia.svg.png
446,澳門,https://upload.wikimedia.org/wikipedia/commons/thumb/6/63/Flag_of_Macau.svg/300px-Flag_of_Macau.svg.png
580,北馬里亞納群島,https://upload.wikimedia.org/wikipedia/commons/thumb/e/e0/Flag_of_the_Northern_Mariana_Islands.svg/300px-Flag_of_the_Northern_Mariana_Islands.svg.png
474,馬提尼克,https://upload.wikimedia.org/wikipedia/commons/thumb/c/c3/Flag_of_France.svg/300px-Flag_of_France.svg.png
478,茅利塔尼亞,https://upload.wikimedia.org/wikipedia/commons/thumb/4/43/Flag_of_Mauritania.svg/300px-Flag_of_Mauritania.svg.png
500,蒙特塞拉特,https://upload.wikimedia.org/wikipedia/commons/thumb/d/d0/Flag_of_Montserrat.svg/300px-Flag_of_Montserrat.svg.png
470,馬爾他,https://upload.wikimedia.org/wikipedia/commons/thumb/7/73/Flag_of_Malta.svg/300px-Flag_of_Malta.svg.png
480,模里西斯,https://upload.wikimedia.org/wikipedia/commons/thumb/7/77/Flag_of_Mauritius.svg/300px-Flag_of_Mauritius.svg.png
462,馬爾地夫,https://upload.wikimedia.org/wikipedia/commons/thumb/0/0f/Flag_of_Maldives.svg/300px-Flag_of_Maldives.svg.png
454,馬拉威,https://upload.wikimedia.org/wikipedia/commons/thumb/d/d1/Flag_of_Malawi.svg/300px-Flag_of_Malawi.svg.png
484,墨西哥,https://upload.wikimedia.org/wikipedia/commons/thumb/f/fc/Flag_of_Mexico.svg/300px-Flag_of_Mexico.svg.png
458,馬來西亞,https://upload.wikimedia.org/wikipedia/commons/thumb/6/66/Flag_of_Malaysia.svg/300px-Flag_of_Malaysia.svg.png
508,莫三比克,https://upload.wikimedia.org/wikipedia/commons/thumb/d/d0/Flag_of_Mozambique.svg/300px-Flag_of_Mozambique.svg.png
516,納米比亞,https://upload.wikimedia.org/wikipedia/commons/thumb/0/00/Flag_of_Namibia.svg/300px-Flag_of_Namibia.svg.png
540,新喀里多尼亞,https://upload.wikimedia.org/wikipedia/commons/thumb/6/66/Flag_of_FLNKS.svg/300px-Flag_of_FLNKS.svg.png
562,尼日,https://upload.wikimedia.org/wikipedia/commons/thumb/f/f4/Flag_of_Niger.svg/300px-Flag_of_Niger.svg.png
574,諾福克島,https://upload.wikimedia.org/wikipedia/commons/thumb/4/48/Flag_of_Norfolk_Island.svg/300px-Flag_of_Norfolk_Island.svg.png
566,奈及利亞,https://upload.wikimedia.org/wikipedia/commons/thumb/7/79/Flag_of_Nigeria.svg/300px-Flag_of_Nigeria.svg.png
558,尼加拉瓜,https://upload.wikimedia.org/wikipedia/commons/thumb/1/19/Flag_of_Nicaragua.svg/300px-Flag_of_Nicaragua.svg.png
528,荷蘭,https://upload.wikimedia.org/wikipedia/commons/thumb/2/20/Flag_of_the_Netherlands.svg/300px-Flag_of_the_Netherlands.svg.png
578,挪威,https://upload.wikimedia.org/wikipedia/commons/thumb/d/d9/Flag_of_Norway.svg/300px-Flag_of_Norway.svg.png
524,尼泊爾,https://upload.wikimedia.org/wikipedia/commons/thumb/9/9b/Flag_of_Nepal.svg/16px-Flag_of_Nepal.svg.png
520,諾魯,https://upload.wikimedia.org/wikipedia/commons/thumb/3/30/Flag_of_Nauru.svg/300px-Flag_of_Nauru.svg.png
570,紐埃,https://upload.wikimedia.org/wikipedia/commons/thumb/0/01/Flag_of_Niue.svg/300px-Flag_of_Niue.svg.png
554,紐西蘭,https://upload.wikimedia.org/wikipedia/commons/thumb/3/3e/Flag_of_New_Zealand.svg/300px-Flag_of_New_Zealand.svg.png
512,阿曼,https://upload.wikimedia.org/wikipedia/commons/thumb/d/dd/Flag_of_Oman.svg/300px-Flag_of_Oman.svg.png
591,巴拿馬,https://upload.wikimedia.org/wikipedia/commons/thumb/a/ab/Flag_of_Panama.svg/300px-Flag_of_Panama.svg.png
604,秘魯,https://upload.wikimedia.org/wikipedia/commons/thumb/c/cf/Flag_of_Peru.svg/300px-Flag_of_Peru.svg.png
258,法屬玻里尼西亞,https://upload.wikimedia.org/wikipedia/commons/thumb/d/db/Flag_of_French_Polynesia.svg/300px-Flag_of_French_Polynesia.svg.png
598,巴布亞紐幾內亞,https://upload.wikimedia.org/wikipedia/commons/thumb/e/e3/Flag_of_Papua_New_Guinea.svg/300px-Flag_of_Papua_New_Guinea.svg.png
608,菲律賓,https://upload.wikimedia.org/wikipedia/commons/thumb/9/99/Flag_of_the_Philippines.svg/300px-Flag_of_the_Philippines.svg.png
586,巴基斯坦,https://upload.wikimedia.org/wikipedia/commons/thumb/3/32/Flag_of_Pakistan.svg/300px-Flag_of_Pakistan.svg.png
616,波蘭,https://upload.wikimedia.org/wikipedia/commons/thumb/1/12/Flag_of_Poland.svg/300px-Flag_of_Poland.svg.png
666,聖皮埃爾和密克隆,https://upload.wikimedia.org/wikipedia/commons/thumb/c/c3/Flag_of_France.svg/300px-Flag_of_France.svg.png
612,皮特凱恩群島,https://upload.wikimedia.org/wikipedia/commons/thumb/8/88/Flag_of_the_Pitcairn_Islands.svg/300px-Flag_of_the_Pitcairn_Islands.svg.png
630,波多黎各,https://upload.wikimedia.org/wikipedia/commons/thumb/2/28/Flag_of_Puerto_Rico.svg/300px-Flag_of_Puerto_Rico.svg.png
275,巴勒斯坦,https://upload.wikimedia.org/wikipedia/commons/thumb/0/00/Flag_of_Palestine.svg/300px-Flag_of_Palestine.svg.png
620,葡萄牙,https://upload.wikimedia.org/wikipedia/commons/thumb/5/5c/Flag_of_Portugal.svg/300px-Flag_of_Portugal.svg.png
585,帛琉,https://upload.wikimedia.org/wikipedia/commons/thumb/4/48/Flag_of_Palau.svg/300px-Flag_of_Palau.svg.png
600,巴拉圭,https://upload.wikimedia.org/wikipedia/commons/thumb/2/27/Flag_of_Paraguay.svg/300px-Flag_of_Paraguay.svg.png
634,卡達,https://upload.wikimedia.org/wikipedia/commons/thumb/6/65/Flag_of_Qatar.svg/300px-Flag_of_Qatar.svg.png
638,留尼旺,https://upload.wikimedia.org/wikipedia/commons/thumb/c/c3/Flag_of_France.svg/300px-Flag_of_France.svg.png
642,羅馬尼亞,https://upload.wikimedia.org/wikipedia/commons/thumb/7/73/Flag_of_Romania.svg/300px-Flag_of_Romania.svg.png
688,塞爾維亞,https://upload.wikimedia.org/wikipedia/commons/thumb/f/ff/Flag_of_Serbia.svg/300px-Flag_of_Serbia.svg.png
643,俄羅斯,https://upload.wikimedia.org/wikipedia/commons/thumb/f/f3/Flag_of_Russia.svg/300px-Flag_of_Russia.svg.png
646,盧安達,https://upload.wikimedia.org/wikipedia/commons/thumb/1/17/Flag_of_Rwanda.svg/300px-Flag_of_Rwanda.svg.png
682,沙烏地阿拉伯,https://upload.wikimedia.org/wikipedia/commons/thumb/0/0d/Flag_of_Saudi_Arabia.svg/300px-Flag_of_Saudi_Arabia.svg.png
090,索羅門群島,https://upload.wikimedia.org/wikipedia/commons/thumb/7/74/Flag_of_the_Solomon_Islands.svg/300px-Flag_of_the_Solomon_Islands.svg.png
690,塞席爾,https://upload.wikimedia.org/wikipedia/commons/thumb/f/fc/Flag_of_Seychelles.svg/300px-Flag_of_Seychelles.svg.png
729,蘇丹,https://upload.wikimedia.org/wikipedia/commons/thumb/0/01/Flag_of_Sudan.svg/300px-Flag_of_Sudan.svg.png
752,瑞典,https://upload.wikimedia.org/wikipedia/commons/thumb/4/4c/Flag_of_Sweden.svg/300px-Flag_of_Sweden.svg.png
702,新加坡,https://upload.wikimedia.org/wikipedia/commons/thumb/4/48/Flag_of_Singapore.svg/300px-Flag_of_Singapore.svg.png
654,聖赫勒拿,https://upload.wikimedia.org/wikipedia/commons/thumb/0/00/Flag_of_Saint_Helena.svg/300px-Flag_of_Saint_Helena.svg.png
705,斯洛維尼亞,https://upload.wikimedia.org/wikipedia/commons/thumb/f/f0/Flag_of_Slovenia.svg/300px-Flag_of_Slovenia.svg.png
744,,https://upload.wikimedia.org/wikipedia/commons/thumb/d/d9/Flag_of_Norway.svg/300px-Flag_of_Norway.svg.png
703,斯洛伐克,https://upload.wikimedia.org/wikipedia/commons/thumb/e/e6/Flag_of_Slovakia.svg/300px-Flag_of_Slovakia.svg.png
694,獅子山,https://upload.wikimedia.org/wikipedia/commons/thumb/1/17/Flag_of_Sierra_Leone.svg/300px-Flag_of_Sierra_Leone.svg.png
674,聖馬利諾,https://upload.wikimedia.org/wikipedia/commons/thumb/b/b1/Flag_of_San_Marino.svg/300px-Flag_of_San_Marino.svg.png
686,塞內加爾,https://upload.wikimedia.org/wikipedia/commons/thumb/f/fd/Flag_of_Senegal.svg/300px-Flag_of_Senegal.svg.png
706,索馬利亞,https://upload.wikimedia.org/wikipedia/commons/thumb/a/a0/Flag_of_Somalia.svg/300px-Flag_of_Somalia.svg.png
740,蘇利南,https://upload.wikimedia.org/wikipedia/commons/thumb/6/60/Flag_of_Suriname.svg/300px-Flag_of_Suriname.svg.png
728,南蘇丹,https://upload.wikimedia.org/wikipedia/commons/thumb/7/7a/Flag_of_South_Sudan.svg/300px-Flag_of_South_Sudan.svg.png
678,聖多美和普林西比,https://upload.wikimedia.org/wikipedia/commons/thumb/4/4f/Flag_of_Sao_Tome_and_Principe.svg/300px-Flag_of_Sao_Tome_and_Principe.svg.png
222,薩爾瓦多,https://upload.wikimedia.org/wikipedia/commons/thumb/3/34/Flag_of_El_Salvador.svg/300px-Flag_of_El_Salvador.svg.png
534,荷屬聖馬丁,https://upload.wikimedia.org/wikipedia/commons/thumb/d/d3/Flag_of_Sint_Maarten.svg/300px-Flag_of_Sint_Maarten.svg.png
760,敘利亞,https://upload.wikimedia.org/wikipedia/commons/thumb/5/53/Flag_of_Syria.svg/300px-Flag_of_Syria.svg.png
748,史瓦濟蘭,https://upload.wikimedia.org/wikipedia/commons/thumb/1/1e/Flag_of_Swaziland.svg/300px-Flag_of_Swaziland.svg.png
796,特克斯與凱科斯群島,https://upload.wikimedia.org/wikipedia/commons/thumb/a/a0/Flag_of_the_Turks_and_Caicos_Islands.svg/300px-Flag_of_the_Turks_and_Caicos_Islands.svg.png
148,查德,https://upload.wikimedia.org/wikipedia/commons/thumb/4/4b/Flag_of_Chad.svg/300px-Flag_of_Chad.svg.png
260,法屬南部領地,https://upload.wikimedia.org/wikipedia/commons/thumb/a/a7/Flag_of_the_French_Southern_and_Antarctic_Lands.svg/300px-Flag_of_the_French_Southern_and_Antarctic_Lands.svg.png
768,多哥,https://upload.wikimedia.org/wikipedia/commons/thumb/6/68/Flag_of_Togo.svg/300px-Flag_of_Togo.svg.png
764,泰國,https://upload.wikimedia.org/wikipedia/commons/thumb/a/a9/Flag_of_Thailand.svg/300px-Flag_of_Thailand.svg.png
762,塔吉克,https://upload.wikimedia.org/wikipedia/commons/thumb/d/d0/Flag_of_Tajikistan.svg/300px-Flag_of_Tajikistan.svg.png
772,托克勞,https://upload.wikimedia.org/wikipedia/commons/thumb/8/8e/Flag_of_Tokelau.svg/300px-Flag_of_Tokelau.svg.png
626,東帝汶,https://upload.wikimedia.org/wikipedia/commons/thumb/2/26/Flag_of_East_Timor.svg/300px-Flag_of_East_Timor.svg.png
795,土庫曼,https://upload.wikimedia.org/wikipedia/commons/thumb/1/1b/Flag_of_Turkmenistan.svg/300px-Flag_of_Turkmenistan.svg.png
788,突尼西亞,https://upload.wikimedia.org/wikipedia/commons/thumb/c/ce/Flag_of_Tunisia.svg/300px-Flag_of_Tunisia.svg.png
776,東加,https://upload.wikimedia.org/wikipedia/commons/thumb/9/9a/Flag_of_Tonga.svg/300px-Flag_of_Tonga.svg.png
792,土耳其,https://upload.wikimedia.org/wikipedia/commons/thumb/b/b4/Flag_of_Turkey.svg/300px-Flag_of_Turkey.svg.png
780,千里達及托巴哥,https://upload.wikimedia.org/wikipedia/commons/thumb/6/64/Flag_of_Trinidad_and_Tobago.svg/300px-Flag_of_Trinidad_and_Tobago.svg.png
798,吐瓦魯,https://upload.wikimedia.org/wikipedia/commons/thumb/3/38/Flag_of_Tuvalu.svg/300px-Flag_of_Tuvalu.svg.png
158,,https://upload.wikimedia.org/wikipedia/commons/thumb/7/72/Flag_of_the_Republic_of_China.svg/300px-Flag_of_the_Republic_of_China.svg.png
834,坦尚尼亞,https://upload.wikimedia.org/wikipedia/commons/thumb/3/38/Flag_of_Tanzania.svg/300px-Flag_of_Tanzania.svg.png
804,烏克蘭,https://upload.wikimedia.org/wikipedia/commons/thumb/4/49/Flag_of_Ukraine.svg/300px-Flag_of_Ukraine.svg.png
800,烏干達,https://upload.wikimedia.org/wikipedia/commons/thumb/4/4e/Flag_of_Uganda.svg/300px-Flag_of_Uganda.svg.png
581,美國本土外小島嶼,https://upload.wikimedia.org/wikipedia/commons/thumb/a/a4/Flag_of_the_United_States.svg/300px-Flag_of_the_United_States.svg.png
840,美國,https://upload.wikimedia.org/wikipedia/commons/thumb/a/a4/Flag_of_the_United_States.svg/300px-Flag_of_the_United_States.svg.png
858,烏拉圭,https://upload.wikimedia.org/wikipedia/commons/thumb/f/fe/Flag_of_Uruguay.svg/300px-Flag_of_Uruguay.svg.png
860,烏茲別克,https://upload.wikimedia.org/wikipedia/commons/thumb/8/84/Flag_of_Uzbekistan.svg/300px-Flag_of_Uzbekistan.svg.png
336,梵蒂岡,https://upload.wikimedia.org/wikipedia/commons/thumb/0/00/Flag_of_the_Vatican_City.svg/20px-Flag_of_the_Vatican_City.svg.png
670,聖文森及格瑞那丁,https://upload.wikimedia.org/wikipedia/commons/thumb/6/6d/Flag_of_Saint_Vincent_and_the_Grenadines.svg/300px-Flag_of_Saint_Vincent_and_the_Grenadines.svg.png
862,委內瑞拉,https://upload.wikimedia.org/wikipedia/commons/thumb/0/06/Flag_of_Venezuela.svg/300px-Flag_of_Venezuela.svg.png
092,英屬維京群島,https://upload.wikimedia.org/wikipedia/commons/thumb/4/42/Flag_of_the_British_Virgin_Islands.svg/300px-Flag_of_the_British_Virgin_Islands.svg.png
850,美屬維京群島,https://upload.wikimedia.org/wikipedia/commons/thumb/f/f8/Flag_of_the_United_States_Virgin_Islands.svg/300px-Flag_of_the_United_States_Virgin_Islands.svg.png
704,越南,https://upload.wikimedia.org/wikipedia/commons/thumb/2/21/Flag_of_Vietnam.svg/300px-Flag_of_Vietnam.svg.png
548,萬那杜,https://upload.wikimedia.org/wikipedia/commons/thumb/b/bc/Flag_of_Vanuatu.svg/300px-Flag_of_Vanuatu.svg.png
876,瓦利斯和富圖納,https://upload.wikimedia.org/wikipedia/commons/thumb/c/c3/Flag_of_France.svg/300px-Flag_of_France.svg.png
882,薩摩亞,https://upload.wikimedia.org/wikipedia/commons/thumb/3/31/Flag_of_Samoa.svg/300px-Flag_of_Samoa.svg.png
887,葉門,https://upload.wikimedia.org/wikipedia/commons/thumb/8/89/Flag_of_Yemen.svg/300px-Flag_of_Yemen.svg.png
175,馬約特,https://upload.wikimedia.org/wikipedia/commons/thumb/c/c3/Flag_of_France.svg/300px-Flag_of_France.svg.png
710,南非,https://upload.wikimedia.org/wikipedia/commons/thumb/a/af/Flag_of_South_Africa.svg/300px-Flag_of_South_Africa.svg.png
894,尚比亞,https://upload.wikimedia.org/wikipedia/commons/thumb/0/06/Flag_of_Zambia.svg/300px-Flag_of_Zambia.svg.png
716,辛巴威,https://upload.wikimedia.org/wikipedia/commons/thumb/6/6a/Flag_of_Zimbabwe.svg/300px-Flag_of_Zimbabwe.svg.png
